<?xml version="1.0" encoding="UTF-8" standalone="yes"?>
<country>
    <name>United Kingdom</name>
    <iso2>GB</iso2>
    <iso3>GBR</iso3>
    <label>County</label>
    <state id='0'> </state>
    <state id="797">Argyll and Bute</state>
    <state id="796">Ards</state>
    <state id="794">Angus</state>
    <state id="798">Armagh</state>
    <state id="795">Antrim</state>
    <state id="791">Aberdeen</state>
    <state id="792">Aberdeenshire</state>
    <state id="793">Anglesey</state>
    <state id="801">Banbridge</state>
    <state id="812">Bracknell Forest</state>
    <state id="804">Bedfordshire</state>
    <state id="805">Belfast</state>
    <state id="809">Blaenau Gwent</state>
    <state id="815">Brighton and Hove</state>
    <state id="806">Birmingham</state>
    <state id="814">Bridgend</state>
    <state id="799">Ballymena</state>
    <state id="811">Bournemouth</state>
    <state id="803">Bath and North East Somerset</state>
    <state id="940">Scottish Borders</state>
    <state id="808">Blackpool</state>
    <state id="818">Bury</state>
    <state id="816">Bristol</state>
    <state id="810">Bolton</state>
    <state id="817">Buckinghamshire</state>
    <state id="813">Bradford</state>
    <state id="807">Blackburn with Darwen</state>
    <state id="802">Barnsley</state>
    <state id="800">Ballymoney</state>
    <state id="822">Cardiff</state>
    <state id="828">Clackmannanshire</state>
    <state id="824">Carrickfergus</state>
    <state id="826">Ceredigion</state>
    <state id="827">Cheshire</state>
    <state id="823">Carmarthenshire</state>
    <state id="831">Cookstown</state>
    <state id="829">Coleraine</state>
    <state id="821">Cambridgeshire</state>
    <state id="832">Cornwall</state>
    <state id="819">Caerphilly</state>
    <state id="834">Craigavon</state>
    <state id="825">Castlereagh</state>
    <state id="833">Coventry</state>
    <state id="835">Cumbria</state>
    <state id="830">Conwy</state>
    <state id="820">Calderdale</state>
    <state id="836">Darlington</state>
    <state id="839">Derbyshire</state>
    <state id="842">Doncaster</state>
    <state id="838">Derby</state>
    <state id="846">Dumfries and Galloway</state>
    <state id="849">Durham</state>
    <state id="837">Denbighshire</state>
    <state id="848">Dungannon</state>
    <state id="841">Devon</state>
    <state id="843">Dorset</state>
    <state id="847">Dundee</state>
    <state id="844">Down</state>
    <state id="845">Dudley</state>
    <state id="850">East Ayrshire</state>
    <state id="856">Edinburgh</state>
    <state id="851">East Dunbartonshire</state>
    <state id="852">East Lothian</state>
    <state id="853">East Renfrewshire</state>
    <state id="855">East Sussex</state>
    <state id="858">Essex</state>
    <state id="854">East Riding of Yorkshire</state>
    <state id="860">Fermanagh</state>
    <state id="861">Fife</state>
    <state id="859">Falkirk</state>
    <state id="862">Flintshire</state>
    <state id="865">Gloucestershire</state>
    <state id="867">Gwynedd</state>
    <state id="864">Glasgow</state>
    <state id="863">Gateshead</state>
    <state id="866">Greater London</state>
    <state id="869">Hampshire</state>
    <state id="871">Herefordshire</state>
    <state id="873">Highland</state>
    <state id="868">Halton</state>
    <state id="870">Hartlepool</state>
    <state id="872">Hertfordshire</state>
    <state id="874">Inverclyde</state>
    <state id="876">Isles of Scilly</state>
    <state id="875">Isle of Wight</state>
    <state id="877">Kent</state>
    <state id="878">Kingston upon Hull</state>
    <state id="879">Kirklees</state>
    <state id="880">Knowsley</state>
    <state id="881">Lancashire</state>
    <state id="888">Lisburn</state>
    <state id="884">Leicester</state>
    <state id="840">Derry</state>
    <state id="885">Leicestershire</state>
    <state id="887">Lincolnshire</state>
    <state id="886">Limavady</state>
    <state id="882">Larne</state>
    <state id="883">Leeds</state>
    <state id="890">Luton</state>
    <state id="889">Liverpool</state>
    <state id="895">Middlesbrough</state>
    <state id="891">Magherafelt</state>
    <state id="897">Milton Keynes</state>
    <state id="896">Midlothian</state>
    <state id="898">Monmouthshire</state>
    <state id="892">Manchester</state>
    <state id="899">Moray</state>
    <state id="894">Merthyr Tydfil</state>
    <state id="893">Medway</state>
    <state id="900">Moyle</state>
    <state id="907">Northamptonshire</state>
    <state id="915">Northumberland</state>
    <state id="909">North Down</state>
    <state id="910">North East Lincolnshire</state>
    <state id="906">Norfolk</state>
    <state id="917">Nottingham</state>
    <state id="914">North Tyneside</state>
    <state id="912">North Lincolnshire</state>
    <state id="904">Newry and Mourne</state>
    <state id="911">North Lanarkshire</state>
    <state id="903">Newport</state>
    <state id="901">Neath Port Talbot</state>
    <state id="908">North Ayrshire</state>
    <state id="913">North Somerset</state>
    <state id="918">Nottinghamshire</state>
    <state id="902">Newcastle upon Tyne</state>
    <state id="905">Newtownabbey</state>
    <state id="916">North Yorkshire</state>
    <state id="919">Oldham</state>
    <state id="920">Omagh</state>
    <state id="921">Orkney Islands</state>
    <state id="922">Oxfordshire</state>
    <state id="925">Peterborough</state>
    <state id="923">Pembrokeshire</state>
    <state id="924">Perthshire and Kinross</state>
    <state id="927">Poole</state>
    <state id="926">Plymouth</state>
    <state id="929">Powys</state>
    <state id="928">Portsmouth</state>
    <state id="931">Redcar and Cleveland</state>
    <state id="934">Rochdale</state>
    <state id="932">Renfrewshire</state>
    <state id="930">Reading</state>
    <state id="935">Rotherham</state>
    <state id="936">Rutland</state>
    <state id="933">Rhondda, Cynon, Taff</state>
    <state id="949">South Ayrshire</state>
    <state id="959">Strabane</state>
    <state id="961">Sunderland</state>
    <state id="941">Sefton</state>
    <state id="960">Suffolk</state>
    <state id="943">Shetland Islands</state>
    <state id="946">Solihull</state>
    <state id="951">South Gloucestershire</state>
    <state id="956">Stockport</state>
    <state id="952">South Lanarkshire</state>
    <state id="947">Somerset</state>
    <state id="964">Swindon</state>
    <state id="958">Stoke-on-Trent</state>
    <state id="944">Shropshire</state>
    <state id="962">Surrey</state>
    <state id="950">Southend-on-Sea</state>
    <state id="954">Staffordshire</state>
    <state id="942">Sheffield</state>
    <state id="963">Swansea</state>
    <state id="953">South Tyneside</state>
    <state id="937">Saint Helens</state>
    <state id="968">Torbay</state>
    <state id="970">Trafford</state>
    <state id="969">Torfaen</state>
    <state id="966">Telford and Wrekin</state>
    <state id="965">Tameside</state>
    <state id="967">Thurrock</state>
    <state id="971">Vale of Glamorgan</state>
    <state id="982">Windsor and Maidenhead</state>
    <state id="976">West Berkshire</state>
    <state id="986">Worcestershire</state>
    <state id="977">West Dunbartonshire</state>
    <state id="978">West Lothian</state>
    <state id="857">Eilean Siar</state>
    <state id="972">Wakefield</state>
    <state id="981">Wiltshire</state>
    <state id="980">Wigan</state>
    <state id="984">Wokingham</state>
    <state id="983">Wirral</state>
    <state id="975">Warwickshire</state>
    <state id="979">West Sussex</state>
    <state id="974">Warrington</state>
    <state id="985">Wolverhampton</state>
    <state id="987">Wrexham</state>
    <state id="973">Walsall</state>
    <state id="988">York</state>
    <state id="938">Salford</state>
    <state id="955">Stirling</state>
    <state id="948">Southampton</state>
    <state id="945">Slough</state>
    <state id="957">Stockton-on-Tees</state>
    <state id="939">Sandwell</state>
</country>