<?xml version="1.0" encoding="UTF-8" standalone="yes"?>
<country>
    <name>Canada</name>
    <iso2>CA</iso2>
    <iso3>CAN</iso3>
    <label>Province</label>
    <state id='0'> </state>
    <state id="66">Alberta</state>
    <state id="67">British Columbia</state>
    <state id="68">Manitoba</state>
    <state id="69">Newfoundland</state>
    <state id="70">New Brunswick</state>
    <state id="71">Nova Scotia</state>
    <state id="72">Northwest Territories</state>
    <state id="73">Nunavut</state>
    <state id="74">Ontario</state>
    <state id="75">Prince Edward Island</state>
    <state id="76">Quebec</state>
    <state id="77">Saskatchewan</state>
    <state id="78">Yukon Territory</state>
</country>