{
    "name" : "United Kingdom",
    "iso2" : "GB",
    "iso3" : "GBR",
    "label" : "County",
    "states" : {
        "0" : " ",
        "797" : "Argyll and Bute",
        "796" : "Ards",
        "794" : "Angus",
        "798" : "Armagh",
        "795" : "Antrim",
        "791" : "Aberdeen",
        "792" : "Aberdeenshire",
        "793" : "Anglesey",
        "801" : "Banbridge",
        "812" : "Bracknell Forest",
        "804" : "Bedfordshire",
        "805" : "Belfast",
        "809" : "Blaenau Gwent",
        "815" : "Brighton and Hove",
        "806" : "Birmingham",
        "814" : "Bridgend",
        "799" : "Ballymena",
        "811" : "Bournemouth",
        "803" : "Bath and North East Somerset",
        "940" : "Scottish Borders",
        "808" : "Blackpool",
        "818" : "Bury",
        "816" : "Bristol",
        "810" : "Bolton",
        "817" : "Buckinghamshire",
        "813" : "Bradford",
        "807" : "Blackburn with Darwen",
        "802" : "Barnsley",
        "800" : "Ballymoney",
        "822" : "Cardiff",
        "828" : "Clackmannanshire",
        "824" : "Carrickfergus",
        "826" : "Ceredigion",
        "827" : "Cheshire",
        "823" : "Carmarthenshire",
        "831" : "Cookstown",
        "829" : "Coleraine",
        "821" : "Cambridgeshire",
        "832" : "Cornwall",
        "819" : "Caerphilly",
        "834" : "Craigavon",
        "825" : "Castlereagh",
        "833" : "Coventry",
        "835" : "Cumbria",
        "830" : "Conwy",
        "820" : "Calderdale",
        "836" : "Darlington",
        "839" : "Derbyshire",
        "842" : "Doncaster",
        "838" : "Derby",
        "846" : "Dumfries and Galloway",
        "849" : "Durham",
        "837" : "Denbighshire",
        "848" : "Dungannon",
        "841" : "Devon",
        "843" : "Dorset",
        "847" : "Dundee",
        "844" : "Down",
        "845" : "Dudley",
        "850" : "East Ayrshire",
        "856" : "Edinburgh",
        "851" : "East Dunbartonshire",
        "852" : "East Lothian",
        "853" : "East Renfrewshire",
        "855" : "East Sussex",
        "858" : "Essex",
        "854" : "East Riding of Yorkshire",
        "860" : "Fermanagh",
        "861" : "Fife",
        "859" : "Falkirk",
        "862" : "Flintshire",
        "865" : "Gloucestershire",
        "867" : "Gwynedd",
        "864" : "Glasgow",
        "863" : "Gateshead",
        "866" : "Greater London",
        "869" : "Hampshire",
        "871" : "Herefordshire",
        "873" : "Highland",
        "868" : "Halton",
        "870" : "Hartlepool",
        "872" : "Hertfordshire",
        "874" : "Inverclyde",
        "876" : "Isles of Scilly",
        "875" : "Isle of Wight",
        "877" : "Kent",
        "878" : "Kingston upon Hull",
        "879" : "Kirklees",
        "880" : "Knowsley",
        "881" : "Lancashire",
        "888" : "Lisburn",
        "884" : "Leicester",
        "840" : "Derry",
        "885" : "Leicestershire",
        "887" : "Lincolnshire",
        "886" : "Limavady",
        "882" : "Larne",
        "883" : "Leeds",
        "890" : "Luton",
        "889" : "Liverpool",
        "895" : "Middlesbrough",
        "891" : "Magherafelt",
        "897" : "Milton Keynes",
        "896" : "Midlothian",
        "898" : "Monmouthshire",
        "892" : "Manchester",
        "899" : "Moray",
        "894" : "Merthyr Tydfil",
        "893" : "Medway",
        "900" : "Moyle",
        "907" : "Northamptonshire",
        "915" : "Northumberland",
        "909" : "North Down",
        "910" : "North East Lincolnshire",
        "906" : "Norfolk",
        "917" : "Nottingham",
        "914" : "North Tyneside",
        "912" : "North Lincolnshire",
        "904" : "Newry and Mourne",
        "911" : "North Lanarkshire",
        "903" : "Newport",
        "901" : "Neath Port Talbot",
        "908" : "North Ayrshire",
        "913" : "North Somerset",
        "918" : "Nottinghamshire",
        "902" : "Newcastle upon Tyne",
        "905" : "Newtownabbey",
        "916" : "North Yorkshire",
        "919" : "Oldham",
        "920" : "Omagh",
        "921" : "Orkney Islands",
        "922" : "Oxfordshire",
        "925" : "Peterborough",
        "923" : "Pembrokeshire",
        "924" : "Perthshire and Kinross",
        "927" : "Poole",
        "926" : "Plymouth",
        "929" : "Powys",
        "928" : "Portsmouth",
        "931" : "Redcar and Cleveland",
        "934" : "Rochdale",
        "932" : "Renfrewshire",
        "930" : "Reading",
        "935" : "Rotherham",
        "936" : "Rutland",
        "933" : "Rhondda, Cynon, Taff",
        "949" : "South Ayrshire",
        "959" : "Strabane",
        "961" : "Sunderland",
        "941" : "Sefton",
        "960" : "Suffolk",
        "943" : "Shetland Islands",
        "946" : "Solihull",
        "951" : "South Gloucestershire",
        "956" : "Stockport",
        "952" : "South Lanarkshire",
        "947" : "Somerset",
        "964" : "Swindon",
        "958" : "Stoke-on-Trent",
        "944" : "Shropshire",
        "962" : "Surrey",
        "950" : "Southend-on-Sea",
        "954" : "Staffordshire",
        "942" : "Sheffield",
        "963" : "Swansea",
        "953" : "South Tyneside",
        "937" : "Saint Helens",
        "968" : "Torbay",
        "970" : "Trafford",
        "969" : "Torfaen",
        "966" : "Telford and Wrekin",
        "965" : "Tameside",
        "967" : "Thurrock",
        "971" : "Vale of Glamorgan",
        "982" : "Windsor and Maidenhead",
        "976" : "West Berkshire",
        "986" : "Worcestershire",
        "977" : "West Dunbartonshire",
        "978" : "West Lothian",
        "857" : "Eilean Siar",
        "972" : "Wakefield",
        "981" : "Wiltshire",
        "980" : "Wigan",
        "984" : "Wokingham",
        "983" : "Wirral",
        "975" : "Warwickshire",
        "979" : "West Sussex",
        "974" : "Warrington",
        "985" : "Wolverhampton",
        "987" : "Wrexham",
        "973" : "Walsall",
        "988" : "York",
        "938" : "Salford",
        "955" : "Stirling",
        "948" : "Southampton",
        "945" : "Slough",
        "957" : "Stockton-on-Tees",
        "939" : "Sandwell"
    }
}