{
    "name" : "United States",
    "iso2" : "US",
    "iso3" : "USA",
    "label" : "State",
    "states" : {
        "0" : " ",
        "7" : "Armed Forces Americas",
        "8" : "Armed Forces Canada",
        "9" : "Armed Forces Europe",
        "6" : "Armed Forces Africa",
        "2" : "Alaska",
        "1" : "Alabama",
        "10" : "Armed Forces Middle East",
        "11" : "Armed Forces Pacific",
        "5" : "Arkansas",
        "3" : "American Samoa",
        "4" : "Arizona",
        "12" : "California",
        "13" : "Colorado",
        "14" : "Connecticut",
        "16" : "District of Columbia",
        "15" : "Delaware",
        "18" : "Florida",
        "17" : "Federated States Of Micronesia",
        "19" : "Georgia",
        "20" : "Guam",
        "21" : "Hawaii",
        "25" : "Iowa",
        "22" : "Idaho",
        "23" : "Illinois",
        "24" : "Indiana",
        "26" : "Kansas",
        "27" : "Kentucky",
        "28" : "Louisiana",
        "32" : "Massachusetts",
        "31" : "Maryland",
        "29" : "Maine",
        "30" : "Marshall Islands",
        "33" : "Michigan",
        "34" : "Minnesota",
        "36" : "Missouri",
        "46" : "Northern Mariana Islands",
        "35" : "Mississippi",
        "37" : "Montana",
        "44" : "North Carolina",
        "45" : "North Dakota",
        "38" : "Nebraska",
        "40" : "New Hampshire",
        "41" : "New Jersey",
        "42" : "New Mexico",
        "39" : "Nevada",
        "43" : "New York",
        "47" : "Ohio",
        "48" : "Oklahoma",
        "49" : "Oregon",
        "51" : "Pennsylvania",
        "52" : "Puerto Rico",
        "50" : "Palau",
        "53" : "Rhode Island",
        "54" : "South Carolina",
        "55" : "South Dakota",
        "56" : "Tennessee",
        "57" : "Texas",
        "58" : "Utah",
        "61" : "Virginia",
        "60" : "Virgin Islands",
        "59" : "Vermont",
        "62" : "Washington",
        "64" : "Wisconsin",
        "63" : "West Virginia",
        "65" : "Wyoming"
    }
}