{
    "name" : "Canada",
    "iso2" : "CA",
    "iso3" : "CAN",
    "label" : "Province",
    "states" : {
        "0" : " ",
        "66" : "Alberta",
        "67" : "British Columbia",
        "68" : "Manitoba",
        "69" : "Newfoundland",
        "70" : "New Brunswick",
        "71" : "Nova Scotia",
        "72" : "Northwest Territories",
        "73" : "Nunavut",
        "74" : "Ontario",
        "75" : "Prince Edward Island",
        "76" : "Quebec",
        "77" : "Saskatchewan",
        "78" : "Yukon Territory"
    }
}